<?xml version="1.0" encoding="UTF-8"?>
<GenRun Id="impl_5" LaunchPart="xc7a100tcsg324-1" LaunchTime="1631002311">
  <File Type="ROUTE-BUS-SKEW" Name="top_pipeline_bus_skew_routed.rpt"/>
  <File Type="PA-DCP" Name="top_pipeline.dcp"/>
  <File Type="OPT-HWDEF" Name="top_pipeline.hwdef"/>
  <File Type="ROUTE-PWR" Name="top_pipeline_power_routed.rpt"/>
  <File Type="PA-TCL" Name="top_pipeline.tcl"/>
  <File Type="BITSTR-BMM" Name="top_pipeline_bd.bmm"/>
  <File Type="OPT-DCP" Name="top_pipeline_opt.dcp"/>
  <File Type="REPORTS-TCL" Name="top_pipeline_reports.tcl"/>
  <File Type="ROUTE-PWR-SUM" Name="top_pipeline_power_summary_routed.pb"/>
  <File Type="OPT-DRC" Name="top_pipeline_drc_opted.rpt"/>
  <File Type="PWROPT-DCP" Name="top_pipeline_pwropt.dcp"/>
  <File Type="PLACE-DCP" Name="top_pipeline_placed.dcp"/>
  <File Type="PLACE-IO" Name="top_pipeline_io_placed.rpt"/>
  <File Type="PLACE-UTIL" Name="top_pipeline_utilization_placed.rpt"/>
  <File Type="PLACE-UTIL-PB" Name="top_pipeline_utilization_placed.pb"/>
  <File Type="PLACE-CTRL" Name="top_pipeline_control_sets_placed.rpt"/>
  <File Type="PLACE-PRE-SIMILARITY" Name="top_pipeline_incremental_reuse_pre_placed.rpt"/>
  <File Type="POSTPLACE-PWROPT-DCP" Name="top_pipeline_postplace_pwropt.dcp"/>
  <File Type="BG-BIN" Name="top_pipeline.bin"/>
  <File Type="PHYSOPT-DCP" Name="top_pipeline_physopt.dcp"/>
  <File Type="BITSTR-MSK" Name="top_pipeline.msk"/>
  <File Type="ROUTE-ERROR-DCP" Name="top_pipeline_routed_error.dcp"/>
  <File Type="ROUTE-DCP" Name="top_pipeline_routed.dcp"/>
  <File Type="ROUTE-BLACKBOX-DCP" Name="top_pipeline_routed_bb.dcp"/>
  <File Type="ROUTE-DRC" Name="top_pipeline_drc_routed.rpt"/>
  <File Type="ROUTE-DRC-PB" Name="top_pipeline_drc_routed.pb"/>
  <File Type="ROUTE-DRC-RPX" Name="top_pipeline_drc_routed.rpx"/>
  <File Type="ROUTE-METHODOLOGY-DRC" Name="top_pipeline_methodology_drc_routed.rpt"/>
  <File Type="BITSTR-MMI" Name="top_pipeline.mmi"/>
  <File Type="ROUTE-METHODOLOGY-DRC-RPX" Name="top_pipeline_methodology_drc_routed.rpx"/>
  <File Type="ROUTE-METHODOLOGY-DRC-PB" Name="top_pipeline_methodology_drc_routed.pb"/>
  <File Type="ROUTE-PWR-RPX" Name="top_pipeline_power_routed.rpx"/>
  <File Type="ROUTE-STATUS" Name="top_pipeline_route_status.rpt"/>
  <File Type="ROUTE-STATUS-PB" Name="top_pipeline_route_status.pb"/>
  <File Type="ROUTE-TIMINGSUMMARY" Name="top_pipeline_timing_summary_routed.rpt"/>
  <File Type="ROUTE-TIMING-PB" Name="top_pipeline_timing_summary_routed.pb"/>
  <File Type="ROUTE-TIMING-RPX" Name="top_pipeline_timing_summary_routed.rpx"/>
  <File Type="ROUTE-CLK" Name="top_pipeline_clock_utilization_routed.rpt"/>
  <File Type="ROUTE-BUS-SKEW-PB" Name="top_pipeline_bus_skew_routed.pb"/>
  <File Type="ROUTE-BUS-SKEW-RPX" Name="top_pipeline_bus_skew_routed.rpx"/>
  <File Type="POSTROUTE-PHYSOPT-DCP" Name="top_pipeline_postroute_physopt.dcp"/>
  <File Type="POSTROUTE-PHYSOPT-BLACKBOX-DCP" Name="top_pipeline_postroute_physopt_bb.dcp"/>
  <File Type="BG-BIT" Name="top_pipeline.bit"/>
  <File Type="BITSTR-RBT" Name="top_pipeline.rbt"/>
  <File Type="BITSTR-NKY" Name="top_pipeline.nky"/>
  <File Type="PDI-FILE" Name="top_pipeline.pdi"/>
  <File Type="RCFI_FILE" Name="top_pipeline.rcfi"/>
  <File Type="CFI_FILE" Name="top_pipeline.cfi"/>
  <File Type="RNPI_FILE" Name="top_pipeline.rnpi"/>
  <File Type="NPI_FILE" Name="top_pipeline.npi"/>
  <File Type="RBD_FILE" Name="top_pipeline.rbd"/>
  <File Type="BITSTR-LTX" Name="top_pipeline.ltx"/>
  <File Type="BITSTR-SYSDEF" Name="top_pipeline.sysdef"/>
  <File Type="BG-BGN" Name="top_pipeline.bgn"/>
  <File Type="BG-DRC" Name="top_pipeline.drc"/>
  <File Type="RDI-RDI" Name="top_pipeline.vdi"/>
  <File Type="WBT-USG" Name="usage_statistics_webtalk.html"/>
  <FileSet Name="sources" Type="DesignSrcs" RelSrcDir="$PSRCDIR/sources_1">
    <Filter Type="Srcs"/>
    <File Path="$PSRCDIR/sources_1/new/ip/data_ram/data_ram.xci">
      <FileInfo>
        <Attr Name="UsedIn" Val="synthesis"/>
        <Attr Name="UsedIn" Val="implementation"/>
        <Attr Name="UsedIn" Val="simulation"/>
      </FileInfo>
    </File>
    <File Path="$PSRCDIR/sources_1/new/mycpu/macro.vh">
      <FileInfo>
        <Attr Name="UsedIn" Val="synthesis"/>
        <Attr Name="UsedIn" Val="simulation"/>
      </FileInfo>
    </File>
    <File Path="$PSRCDIR/sources_1/new/mycpu/alu.v">
      <FileInfo>
        <Attr Name="UsedIn" Val="synthesis"/>
        <Attr Name="UsedIn" Val="implementation"/>
        <Attr Name="UsedIn" Val="simulation"/>
      </FileInfo>
    </File>
    <File Path="$PSRCDIR/sources_1/new/confreg/confreg.v">
      <FileInfo>
        <Attr Name="UsedIn" Val="synthesis"/>
        <Attr Name="UsedIn" Val="implementation"/>
        <Attr Name="UsedIn" Val="simulation"/>
      </FileInfo>
    </File>
    <File Path="$PSRCDIR/sources_1/new/mycpu/control.v">
      <FileInfo>
        <Attr Name="UsedIn" Val="synthesis"/>
        <Attr Name="UsedIn" Val="implementation"/>
        <Attr Name="UsedIn" Val="simulation"/>
      </FileInfo>
    </File>
    <File Path="$PSRCDIR/sources_1/new/mycpu/cpu.v">
      <FileInfo>
        <Attr Name="UsedIn" Val="synthesis"/>
        <Attr Name="UsedIn" Val="implementation"/>
        <Attr Name="UsedIn" Val="simulation"/>
      </FileInfo>
    </File>
    <File Path="$PSRCDIR/sources_1/new/mycpu/exe_mem.v">
      <FileInfo>
        <Attr Name="UsedIn" Val="synthesis"/>
        <Attr Name="UsedIn" Val="implementation"/>
        <Attr Name="UsedIn" Val="simulation"/>
      </FileInfo>
    </File>
    <File Path="$PSRCDIR/sources_1/new/mycpu/id_exe.v">
      <FileInfo>
        <Attr Name="UsedIn" Val="synthesis"/>
        <Attr Name="UsedIn" Val="implementation"/>
        <Attr Name="UsedIn" Val="simulation"/>
      </FileInfo>
    </File>
    <File Path="$PSRCDIR/sources_1/new/mycpu/if_id.v">
      <FileInfo>
        <Attr Name="UsedIn" Val="synthesis"/>
        <Attr Name="UsedIn" Val="implementation"/>
        <Attr Name="UsedIn" Val="simulation"/>
      </FileInfo>
    </File>
    <File Path="$PSRCDIR/sources_1/new/mycpu/mem_wb.v">
      <FileInfo>
        <Attr Name="UsedIn" Val="synthesis"/>
        <Attr Name="UsedIn" Val="implementation"/>
        <Attr Name="UsedIn" Val="simulation"/>
      </FileInfo>
    </File>
    <File Path="$PSRCDIR/sources_1/new/mycpu/pc.v">
      <FileInfo>
        <Attr Name="UsedIn" Val="synthesis"/>
        <Attr Name="UsedIn" Val="implementation"/>
        <Attr Name="UsedIn" Val="simulation"/>
      </FileInfo>
    </File>
    <File Path="$PSRCDIR/sources_1/new/mycpu/regfile.v">
      <FileInfo>
        <Attr Name="UsedIn" Val="synthesis"/>
        <Attr Name="UsedIn" Val="implementation"/>
        <Attr Name="UsedIn" Val="simulation"/>
      </FileInfo>
    </File>
    <File Path="$PSRCDIR/sources_1/new/mycpu/stall.v">
      <FileInfo>
        <Attr Name="UsedIn" Val="synthesis"/>
        <Attr Name="UsedIn" Val="implementation"/>
        <Attr Name="UsedIn" Val="simulation"/>
      </FileInfo>
    </File>
    <File Path="$PSRCDIR/sources_1/new/vga.v">
      <FileInfo>
        <Attr Name="UsedIn" Val="synthesis"/>
        <Attr Name="UsedIn" Val="implementation"/>
        <Attr Name="UsedIn" Val="simulation"/>
      </FileInfo>
    </File>
    <File Path="$PSRCDIR/sources_1/new/top_pipeline.v">
      <FileInfo>
        <Attr Name="UsedIn" Val="synthesis"/>
        <Attr Name="UsedIn" Val="implementation"/>
        <Attr Name="UsedIn" Val="simulation"/>
      </FileInfo>
    </File>
    <File Path="$PSRCDIR/soft/test.coe">
      <FileInfo>
        <Attr Name="UsedIn" Val="synthesis"/>
        <Attr Name="UsedIn" Val="simulation"/>
      </FileInfo>
    </File>
    <File Path="$PSRCDIR/soft/mips1.coe">
      <FileInfo>
        <Attr Name="UsedIn" Val="synthesis"/>
        <Attr Name="UsedIn" Val="simulation"/>
      </FileInfo>
    </File>
    <File Path="$PSRCDIR/soft/mips2.coe">
      <FileInfo>
        <Attr Name="UsedIn" Val="synthesis"/>
        <Attr Name="UsedIn" Val="simulation"/>
      </FileInfo>
    </File>
    <File Path="$PSRCDIR/soft/mips3.coe">
      <FileInfo>
        <Attr Name="UsedIn" Val="synthesis"/>
        <Attr Name="UsedIn" Val="simulation"/>
      </FileInfo>
    </File>
    <File Path="$PSRCDIR/soft/test1.coe">
      <FileInfo>
        <Attr Name="UsedIn" Val="synthesis"/>
        <Attr Name="UsedIn" Val="simulation"/>
      </FileInfo>
    </File>
    <File Path="$PSRCDIR/soft/count_from_0.coe">
      <FileInfo>
        <Attr Name="UsedIn" Val="synthesis"/>
        <Attr Name="UsedIn" Val="simulation"/>
      </FileInfo>
    </File>
    <File Path="$PSRCDIR/component.xml">
      <FileInfo SFType="IPXACT"/>
    </File>
    <Config>
      <Option Name="DesignMode" Val="RTL"/>
      <Option Name="TopModule" Val="top_pipeline"/>
      <Option Name="TopAutoSet" Val="TRUE"/>
    </Config>
  </FileSet>
  <FileSet Name="constrs_in" Type="Constrs" RelSrcDir="$PSRCDIR/constrs_1">
    <Filter Type="Constrs"/>
    <File Path="$PSRCDIR/constrs_1/new/port_light_control.xdc">
      <FileInfo>
        <Attr Name="UsedIn" Val="synthesis"/>
        <Attr Name="UsedIn" Val="implementation"/>
      </FileInfo>
    </File>
    <Config>
      <Option Name="TargetConstrsFile" Val="$PSRCDIR/constrs_1/new/port_light_control.xdc"/>
      <Option Name="ConstrsType" Val="XDC"/>
    </Config>
  </FileSet>
  <FileSet Name="utils" Type="Utils" RelSrcDir="$PSRCDIR/utils_1">
    <Filter Type="Utils"/>
    <Config>
      <Option Name="TopAutoSet" Val="TRUE"/>
    </Config>
  </FileSet>
  <Strategy Version="1" Minor="2">
    <StratHandle Name="Vivado Implementation Defaults" Flow="Vivado Implementation 2019"/>
    <Step Id="init_design"/>
    <Step Id="opt_design"/>
    <Step Id="power_opt_design"/>
    <Step Id="place_design"/>
    <Step Id="post_place_power_opt_design"/>
    <Step Id="phys_opt_design" EnableStepBool="1"/>
    <Step Id="route_design"/>
    <Step Id="post_route_phys_opt_design"/>
    <Step Id="write_bitstream"/>
    <Step Id="write_device_image"/>
  </Strategy>
  <BlockFileSet Type="BlockSrcs" Name="inst_rom"/>
  <BlockFileSet Type="BlockSrcs" Name="clk_wiz"/>
</GenRun>
