<?xml version="1.0" encoding="UTF-8" ?>
<webTalkData  fileName='usage_statistics_webtalk.xml'  majorVersion='1' minorVersion='0' timeStamp='Tue Sep  7 16:13:35 2021'>
<section name="__ROOT__" level="0" order="1" description="">
 <section name="software_version_and_target_device" level="1" order="1" description="">
  <keyValuePair key="beta" value="FALSE" description="" />
  <keyValuePair key="build_version" value="2708876" description="" />
  <keyValuePair key="date_generated" value="Tue Sep  7 16:13:34 2021" description="" />
  <keyValuePair key="os_platform" value="WIN64" description="" />
  <keyValuePair key="product_version" value="Vivado v2019.2 (64-bit)" description="" />
  <keyValuePair key="project_id" value="e597bfcffbdc4acb9605a9b95f91664f" description="" />
  <keyValuePair key="project_iteration" value="19" description="" />
  <keyValuePair key="random_id" value="61b6cd807b1856f89f830f06bb62b57c" description="" />
  <keyValuePair key="registration_id" value="61b6cd807b1856f89f830f06bb62b57c" description="" />
  <keyValuePair key="route_design" value="TRUE" description="" />
  <keyValuePair key="target_device" value="xc7a100t" description="" />
  <keyValuePair key="target_family" value="artix7" description="" />
  <keyValuePair key="target_package" value="csg324" description="" />
  <keyValuePair key="target_speed" value="-1" description="" />
  <keyValuePair key="tool_flow" value="Vivado" description="" />
 </section>
 <section name="user_environment" level="1" order="2" description="">
  <keyValuePair key="cpu_name" value="Intel(R) Core(TM) i5-8300H CPU @ 2.30GHz" description="" />
  <keyValuePair key="cpu_speed" value="2304 MHz" description="" />
  <keyValuePair key="os_name" value="Windows Server 2016 or Windows 10" description="" />
  <keyValuePair key="os_release" value="major release  (build 9200)" description="" />
  <keyValuePair key="system_ram" value="8.000 GB" description="" />
  <keyValuePair key="total_processors" value="1" description="" />
 </section>
 <section name="ip_statistics" level="1" order="3" description="">
  <section name="clk_wiz_v5_4_1_0/1" level="2" order="1" description="">
   <keyValuePair key="clkin1_period" value="10.000" description="" />
   <keyValuePair key="clkin2_period" value="10.000" description="" />
   <keyValuePair key="clock_mgr_type" value="NA" description="" />
   <keyValuePair key="component_name" value="clk_wiz" description="" />
   <keyValuePair key="core_container" value="NA" description="" />
   <keyValuePair key="enable_axi" value="0" description="" />
   <keyValuePair key="feedback_source" value="FDBK_AUTO" description="" />
   <keyValuePair key="feedback_type" value="SINGLE" description="" />
   <keyValuePair key="iptotal" value="1" description="" />
   <keyValuePair key="manual_override" value="false" description="" />
   <keyValuePair key="num_out_clk" value="1" description="" />
   <keyValuePair key="primitive" value="MMCM" description="" />
   <keyValuePair key="use_dyn_phase_shift" value="false" description="" />
   <keyValuePair key="use_dyn_reconfig" value="false" description="" />
   <keyValuePair key="use_inclk_stopped" value="false" description="" />
   <keyValuePair key="use_inclk_switchover" value="false" description="" />
   <keyValuePair key="use_locked" value="false" description="" />
   <keyValuePair key="use_max_i_jitter" value="false" description="" />
   <keyValuePair key="use_min_o_jitter" value="false" description="" />
   <keyValuePair key="use_phase_alignment" value="true" description="" />
   <keyValuePair key="use_power_down" value="false" description="" />
   <keyValuePair key="use_reset" value="true" description="" />
  </section>
  <section name="dist_mem_gen_v8_0_13/1" level="2" order="2" description="">
   <keyValuePair key="c_addr_width" value="10" description="" />
   <keyValuePair key="c_default_data" value="0" description="" />
   <keyValuePair key="c_depth" value="1024" description="" />
   <keyValuePair key="c_elaboration_dir" value="./" description="" />
   <keyValuePair key="c_family" value="artix7" description="" />
   <keyValuePair key="c_has_clk" value="1" description="" />
   <keyValuePair key="c_has_d" value="1" description="" />
   <keyValuePair key="c_has_dpo" value="0" description="" />
   <keyValuePair key="c_has_dpra" value="0" description="" />
   <keyValuePair key="c_has_i_ce" value="0" description="" />
   <keyValuePair key="c_has_qdpo" value="0" description="" />
   <keyValuePair key="c_has_qdpo_ce" value="0" description="" />
   <keyValuePair key="c_has_qdpo_clk" value="0" description="" />
   <keyValuePair key="c_has_qdpo_rst" value="0" description="" />
   <keyValuePair key="c_has_qdpo_srst" value="0" description="" />
   <keyValuePair key="c_has_qspo" value="0" description="" />
   <keyValuePair key="c_has_qspo_ce" value="0" description="" />
   <keyValuePair key="c_has_qspo_rst" value="0" description="" />
   <keyValuePair key="c_has_qspo_srst" value="0" description="" />
   <keyValuePair key="c_has_spo" value="1" description="" />
   <keyValuePair key="c_has_we" value="1" description="" />
   <keyValuePair key="c_mem_init_file" value="no_coe_file_loaded" description="" />
   <keyValuePair key="c_mem_type" value="1" description="" />
   <keyValuePair key="c_parser_type" value="1" description="" />
   <keyValuePair key="c_pipeline_stages" value="0" description="" />
   <keyValuePair key="c_qce_joined" value="0" description="" />
   <keyValuePair key="c_qualify_we" value="0" description="" />
   <keyValuePair key="c_read_mif" value="0" description="" />
   <keyValuePair key="c_reg_a_d_inputs" value="0" description="" />
   <keyValuePair key="c_reg_dpra_input" value="0" description="" />
   <keyValuePair key="c_sync_enable" value="1" description="" />
   <keyValuePair key="c_width" value="32" description="" />
   <keyValuePair key="core_container" value="false" description="" />
   <keyValuePair key="iptotal" value="1" description="" />
   <keyValuePair key="x_ipcorerevision" value="13" description="" />
   <keyValuePair key="x_iplanguage" value="VERILOG" description="" />
   <keyValuePair key="x_iplibrary" value="ip" description="" />
   <keyValuePair key="x_ipname" value="dist_mem_gen" description="" />
   <keyValuePair key="x_ipproduct" value="Vivado 2019.2" description="" />
   <keyValuePair key="x_ipsimlanguage" value="MIXED" description="" />
   <keyValuePair key="x_ipvendor" value="xilinx.com" description="" />
   <keyValuePair key="x_ipversion" value="8.0" description="" />
  </section>
  <section name="dist_mem_gen_v8_0_13/2" level="2" order="3" description="">
   <keyValuePair key="c_addr_width" value="10" description="" />
   <keyValuePair key="c_default_data" value="0" description="" />
   <keyValuePair key="c_depth" value="1024" description="" />
   <keyValuePair key="c_elaboration_dir" value="./" description="" />
   <keyValuePair key="c_family" value="artix7" description="" />
   <keyValuePair key="c_has_clk" value="0" description="" />
   <keyValuePair key="c_has_d" value="0" description="" />
   <keyValuePair key="c_has_dpo" value="0" description="" />
   <keyValuePair key="c_has_dpra" value="0" description="" />
   <keyValuePair key="c_has_i_ce" value="0" description="" />
   <keyValuePair key="c_has_qdpo" value="0" description="" />
   <keyValuePair key="c_has_qdpo_ce" value="0" description="" />
   <keyValuePair key="c_has_qdpo_clk" value="0" description="" />
   <keyValuePair key="c_has_qdpo_rst" value="0" description="" />
   <keyValuePair key="c_has_qdpo_srst" value="0" description="" />
   <keyValuePair key="c_has_qspo" value="0" description="" />
   <keyValuePair key="c_has_qspo_ce" value="0" description="" />
   <keyValuePair key="c_has_qspo_rst" value="0" description="" />
   <keyValuePair key="c_has_qspo_srst" value="0" description="" />
   <keyValuePair key="c_has_spo" value="1" description="" />
   <keyValuePair key="c_has_we" value="0" description="" />
   <keyValuePair key="c_mem_init_file" value="[user-defined]" description="" />
   <keyValuePair key="c_mem_type" value="0" description="" />
   <keyValuePair key="c_parser_type" value="1" description="" />
   <keyValuePair key="c_pipeline_stages" value="0" description="" />
   <keyValuePair key="c_qce_joined" value="0" description="" />
   <keyValuePair key="c_qualify_we" value="0" description="" />
   <keyValuePair key="c_read_mif" value="1" description="" />
   <keyValuePair key="c_reg_a_d_inputs" value="0" description="" />
   <keyValuePair key="c_reg_dpra_input" value="0" description="" />
   <keyValuePair key="c_sync_enable" value="1" description="" />
   <keyValuePair key="c_width" value="32" description="" />
   <keyValuePair key="core_container" value="false" description="" />
   <keyValuePair key="iptotal" value="1" description="" />
   <keyValuePair key="x_ipcorerevision" value="13" description="" />
   <keyValuePair key="x_iplanguage" value="VERILOG" description="" />
   <keyValuePair key="x_iplibrary" value="ip" description="" />
   <keyValuePair key="x_ipname" value="dist_mem_gen" description="" />
   <keyValuePair key="x_ipproduct" value="Vivado 2019.2" description="" />
   <keyValuePair key="x_ipsimlanguage" value="MIXED" description="" />
   <keyValuePair key="x_ipvendor" value="xilinx.com" description="" />
   <keyValuePair key="x_ipversion" value="8.0" description="" />
  </section>
 </section>
 <section name="phys_opt_design_post_place" level="1" order="4" description="">
  <section name="command_line_options" level="2" order="1" description="">
   <keyValuePair key="-aggressive_hold_fix" value="default::[not_specified]" description="" />
   <keyValuePair key="-bram_register_opt" value="default::[not_specified]" description="" />
   <keyValuePair key="-clock_opt" value="default::[not_specified]" description="" />
   <keyValuePair key="-critical_cell_opt" value="default::[not_specified]" description="" />
   <keyValuePair key="-critical_pin_opt" value="default::[not_specified]" description="" />
   <keyValuePair key="-directive" value="default::[not_specified]" description="" />
   <keyValuePair key="-dsp_register_opt" value="default::[not_specified]" description="" />
   <keyValuePair key="-effort_level" value="default::[not_specified]" description="" />
   <keyValuePair key="-fanout_opt" value="default::[not_specified]" description="" />
   <keyValuePair key="-hold_fix" value="default::[not_specified]" description="" />
   <keyValuePair key="-insert_negative_edge_ffs" value="default::[not_specified]" description="" />
   <keyValuePair key="-multi_clock_opt" value="default::[not_specified]" description="" />
   <keyValuePair key="-placement_opt" value="default::[not_specified]" description="" />
   <keyValuePair key="-restruct_opt" value="default::[not_specified]" description="" />
   <keyValuePair key="-retime" value="default::[not_specified]" description="" />
   <keyValuePair key="-rewire" value="default::[not_specified]" description="" />
   <keyValuePair key="-shift_register_opt" value="default::[not_specified]" description="" />
   <keyValuePair key="-uram_register_opt" value="default::[not_specified]" description="" />
   <keyValuePair key="-verbose" value="default::[not_specified]" description="" />
   <keyValuePair key="-vhfn" value="default::[not_specified]" description="" />
  </section>
 </section>
 <section name="report_drc" level="1" order="5" description="">
  <section name="command_line_options" level="2" order="1" description="">
   <keyValuePair key="-append" value="default::[not_specified]" description="" />
   <keyValuePair key="-checks" value="default::[not_specified]" description="" />
   <keyValuePair key="-fail_on" value="default::[not_specified]" description="" />
   <keyValuePair key="-force" value="default::[not_specified]" description="" />
   <keyValuePair key="-format" value="default::[not_specified]" description="" />
   <keyValuePair key="-internal" value="default::[not_specified]" description="" />
   <keyValuePair key="-internal_only" value="default::[not_specified]" description="" />
   <keyValuePair key="-messages" value="default::[not_specified]" description="" />
   <keyValuePair key="-name" value="default::[not_specified]" description="" />
   <keyValuePair key="-no_waivers" value="default::[not_specified]" description="" />
   <keyValuePair key="-return_string" value="default::[not_specified]" description="" />
   <keyValuePair key="-ruledecks" value="default::[not_specified]" description="" />
   <keyValuePair key="-upgrade_cw" value="default::[not_specified]" description="" />
   <keyValuePair key="-waived" value="default::[not_specified]" description="" />
  </section>
  <section name="results" level="2" order="2" description="">
   <keyValuePair key="cfgbvs-1" value="1" description="" />
  </section>
 </section>
 <section name="report_methodology" level="1" order="6" description="">
  <section name="command_line_options" level="2" order="1" description="">
   <keyValuePair key="-append" value="default::[not_specified]" description="" />
   <keyValuePair key="-checks" value="default::[not_specified]" description="" />
   <keyValuePair key="-fail_on" value="default::[not_specified]" description="" />
   <keyValuePair key="-force" value="default::[not_specified]" description="" />
   <keyValuePair key="-format" value="default::[not_specified]" description="" />
   <keyValuePair key="-messages" value="default::[not_specified]" description="" />
   <keyValuePair key="-name" value="default::[not_specified]" description="" />
   <keyValuePair key="-return_string" value="default::[not_specified]" description="" />
   <keyValuePair key="-slack_lesser_than" value="default::[not_specified]" description="" />
   <keyValuePair key="-waived" value="default::[not_specified]" description="" />
  </section>
  <section name="results" level="2" order="2" description="">
   <keyValuePair key="timing-17" value="1000" description="" />
   <keyValuePair key="timing-20" value="32" description="" />
   <keyValuePair key="timing-27" value="1" description="" />
  </section>
 </section>
 <section name="report_power" level="1" order="7" description="">
  <section name="command_line_options" level="2" order="1" description="">
   <keyValuePair key="-advisory" value="default::[not_specified]" description="" />
   <keyValuePair key="-append" value="default::[not_specified]" description="" />
   <keyValuePair key="-file" value="[specified]" description="" />
   <keyValuePair key="-format" value="default::text" description="" />
   <keyValuePair key="-hier" value="default::power" description="" />
   <keyValuePair key="-hierarchical_depth" value="default::4" description="" />
   <keyValuePair key="-l" value="default::[not_specified]" description="" />
   <keyValuePair key="-name" value="default::[not_specified]" description="" />
   <keyValuePair key="-no_propagation" value="default::[not_specified]" description="" />
   <keyValuePair key="-return_string" value="default::[not_specified]" description="" />
   <keyValuePair key="-rpx" value="[specified]" description="" />
   <keyValuePair key="-verbose" value="default::[not_specified]" description="" />
   <keyValuePair key="-vid" value="default::[not_specified]" description="" />
   <keyValuePair key="-xpe" value="default::[not_specified]" description="" />
  </section>
  <section name="usage" level="2" order="2" description="">
   <keyValuePair key="airflow" value="250 (LFM)" description="" />
   <keyValuePair key="ambient_temp" value="25.0 (C)" description="" />
   <keyValuePair key="bi-dir_toggle" value="12.500000" description="" />
   <keyValuePair key="bidir_output_enable" value="1.000000" description="" />
   <keyValuePair key="board_layers" value="12to15 (12 to 15 Layers)" description="" />
   <keyValuePair key="board_selection" value="medium (10&quot;x10&quot;)" description="" />
   <keyValuePair key="clocks" value="0.006390" description="" />
   <keyValuePair key="confidence_level_clock_activity" value="High" description="" />
   <keyValuePair key="confidence_level_design_state" value="High" description="" />
   <keyValuePair key="confidence_level_device_models" value="High" description="" />
   <keyValuePair key="confidence_level_internal_activity" value="Medium" description="" />
   <keyValuePair key="confidence_level_io_activity" value="Low" description="" />
   <keyValuePair key="confidence_level_overall" value="Low" description="" />
   <keyValuePair key="customer" value="TBD" description="" />
   <keyValuePair key="customer_class" value="TBD" description="" />
   <keyValuePair key="devstatic" value="0.097476" description="" />
   <keyValuePair key="die" value="xc7a100tcsg324-1" description="" />
   <keyValuePair key="dsp_output_toggle" value="12.500000" description="" />
   <keyValuePair key="dynamic" value="0.130661" description="" />
   <keyValuePair key="effective_thetaja" value="4.6" description="" />
   <keyValuePair key="enable_probability" value="0.990000" description="" />
   <keyValuePair key="family" value="artix7" description="" />
   <keyValuePair key="ff_toggle" value="12.500000" description="" />
   <keyValuePair key="flow_state" value="routed" description="" />
   <keyValuePair key="heatsink" value="medium (Medium Profile)" description="" />
   <keyValuePair key="i/o" value="0.001606" description="" />
   <keyValuePair key="input_toggle" value="12.500000" description="" />
   <keyValuePair key="junction_temp" value="26.0 (C)" description="" />
   <keyValuePair key="logic" value="0.000443" description="" />
   <keyValuePair key="mgtavcc_dynamic_current" value="0.000000" description="" />
   <keyValuePair key="mgtavcc_static_current" value="0.000000" description="" />
   <keyValuePair key="mgtavcc_total_current" value="0.000000" description="" />
   <keyValuePair key="mgtavcc_voltage" value="1.000000" description="" />
   <keyValuePair key="mgtavtt_dynamic_current" value="0.000000" description="" />
   <keyValuePair key="mgtavtt_static_current" value="0.000000" description="" />
   <keyValuePair key="mgtavtt_total_current" value="0.000000" description="" />
   <keyValuePair key="mgtavtt_voltage" value="1.200000" description="" />
   <keyValuePair key="mmcm" value="0.121875" description="" />
   <keyValuePair key="netlist_net_matched" value="NA" description="" />
   <keyValuePair key="off-chip_power" value="0.000000" description="" />
   <keyValuePair key="on-chip_power" value="0.228137" description="" />
   <keyValuePair key="output_enable" value="1.000000" description="" />
   <keyValuePair key="output_load" value="5.000000" description="" />
   <keyValuePair key="output_toggle" value="12.500000" description="" />
   <keyValuePair key="package" value="csg324" description="" />
   <keyValuePair key="pct_clock_constrained" value="3.000000" description="" />
   <keyValuePair key="pct_inputs_defined" value="0" description="" />
   <keyValuePair key="platform" value="nt64" description="" />
   <keyValuePair key="process" value="typical" description="" />
   <keyValuePair key="ram_enable" value="50.000000" description="" />
   <keyValuePair key="ram_write" value="50.000000" description="" />
   <keyValuePair key="read_saif" value="False" description="" />
   <keyValuePair key="set/reset_probability" value="0.000000" description="" />
   <keyValuePair key="signal_rate" value="False" description="" />
   <keyValuePair key="signals" value="0.000347" description="" />
   <keyValuePair key="simulation_file" value="None" description="" />
   <keyValuePair key="speedgrade" value="-1" description="" />
   <keyValuePair key="static_prob" value="False" description="" />
   <keyValuePair key="temp_grade" value="commercial" description="" />
   <keyValuePair key="thetajb" value="5.7 (C/W)" description="" />
   <keyValuePair key="thetasa" value="4.6 (C/W)" description="" />
   <keyValuePair key="toggle_rate" value="False" description="" />
   <keyValuePair key="user_board_temp" value="25.0 (C)" description="" />
   <keyValuePair key="user_effective_thetaja" value="4.6" description="" />
   <keyValuePair key="user_junc_temp" value="26.0 (C)" description="" />
   <keyValuePair key="user_thetajb" value="5.7 (C/W)" description="" />
   <keyValuePair key="user_thetasa" value="4.6 (C/W)" description="" />
   <keyValuePair key="vccadc_dynamic_current" value="0.000000" description="" />
   <keyValuePair key="vccadc_static_current" value="0.020000" description="" />
   <keyValuePair key="vccadc_total_current" value="0.020000" description="" />
   <keyValuePair key="vccadc_voltage" value="1.800000" description="" />
   <keyValuePair key="vccaux_dynamic_current" value="0.067668" description="" />
   <keyValuePair key="vccaux_io_dynamic_current" value="0.000000" description="" />
   <keyValuePair key="vccaux_io_static_current" value="0.000000" description="" />
   <keyValuePair key="vccaux_io_total_current" value="0.000000" description="" />
   <keyValuePair key="vccaux_io_voltage" value="1.800000" description="" />
   <keyValuePair key="vccaux_static_current" value="0.018168" description="" />
   <keyValuePair key="vccaux_total_current" value="0.085836" description="" />
   <keyValuePair key="vccaux_voltage" value="1.800000" description="" />
   <keyValuePair key="vccbram_dynamic_current" value="0.000000" description="" />
   <keyValuePair key="vccbram_static_current" value="0.000251" description="" />
   <keyValuePair key="vccbram_total_current" value="0.000251" description="" />
   <keyValuePair key="vccbram_voltage" value="1.000000" description="" />
   <keyValuePair key="vccint_dynamic_current" value="0.007362" description="" />
   <keyValuePair key="vccint_static_current" value="0.015323" description="" />
   <keyValuePair key="vccint_total_current" value="0.022685" description="" />
   <keyValuePair key="vccint_voltage" value="1.000000" description="" />
   <keyValuePair key="vcco12_dynamic_current" value="0.000000" description="" />
   <keyValuePair key="vcco12_static_current" value="0.000000" description="" />
   <keyValuePair key="vcco12_total_current" value="0.000000" description="" />
   <keyValuePair key="vcco12_voltage" value="1.200000" description="" />
   <keyValuePair key="vcco135_dynamic_current" value="0.000000" description="" />
   <keyValuePair key="vcco135_static_current" value="0.000000" description="" />
   <keyValuePair key="vcco135_total_current" value="0.000000" description="" />
   <keyValuePair key="vcco135_voltage" value="1.350000" description="" />
   <keyValuePair key="vcco15_dynamic_current" value="0.000000" description="" />
   <keyValuePair key="vcco15_static_current" value="0.000000" description="" />
   <keyValuePair key="vcco15_total_current" value="0.000000" description="" />
   <keyValuePair key="vcco15_voltage" value="1.500000" description="" />
   <keyValuePair key="vcco18_dynamic_current" value="0.000000" description="" />
   <keyValuePair key="vcco18_static_current" value="0.000000" description="" />
   <keyValuePair key="vcco18_total_current" value="0.000000" description="" />
   <keyValuePair key="vcco18_voltage" value="1.800000" description="" />
   <keyValuePair key="vcco25_dynamic_current" value="0.000000" description="" />
   <keyValuePair key="vcco25_static_current" value="0.000000" description="" />
   <keyValuePair key="vcco25_total_current" value="0.000000" description="" />
   <keyValuePair key="vcco25_voltage" value="2.500000" description="" />
   <keyValuePair key="vcco33_dynamic_current" value="0.000453" description="" />
   <keyValuePair key="vcco33_static_current" value="0.004000" description="" />
   <keyValuePair key="vcco33_total_current" value="0.004453" description="" />
   <keyValuePair key="vcco33_voltage" value="3.300000" description="" />
   <keyValuePair key="version" value="2019.2" description="" />
  </section>
 </section>
 <section name="report_utilization" level="1" order="8" description="">
  <section name="clocking" level="2" order="1" description="">
   <keyValuePair key="bufgctrl_available" value="32" description="" />
   <keyValuePair key="bufgctrl_fixed" value="0" description="" />
   <keyValuePair key="bufgctrl_used" value="4" description="" />
   <keyValuePair key="bufgctrl_util_percentage" value="12.50" description="" />
   <keyValuePair key="bufhce_available" value="96" description="" />
   <keyValuePair key="bufhce_fixed" value="0" description="" />
   <keyValuePair key="bufhce_used" value="0" description="" />
   <keyValuePair key="bufhce_util_percentage" value="0.00" description="" />
   <keyValuePair key="bufio_available" value="24" description="" />
   <keyValuePair key="bufio_fixed" value="0" description="" />
   <keyValuePair key="bufio_used" value="0" description="" />
   <keyValuePair key="bufio_util_percentage" value="0.00" description="" />
   <keyValuePair key="bufmrce_available" value="12" description="" />
   <keyValuePair key="bufmrce_fixed" value="0" description="" />
   <keyValuePair key="bufmrce_used" value="0" description="" />
   <keyValuePair key="bufmrce_util_percentage" value="0.00" description="" />
   <keyValuePair key="bufr_available" value="24" description="" />
   <keyValuePair key="bufr_fixed" value="0" description="" />
   <keyValuePair key="bufr_used" value="0" description="" />
   <keyValuePair key="bufr_util_percentage" value="0.00" description="" />
   <keyValuePair key="mmcme2_adv_available" value="6" description="" />
   <keyValuePair key="mmcme2_adv_fixed" value="0" description="" />
   <keyValuePair key="mmcme2_adv_used" value="1" description="" />
   <keyValuePair key="mmcme2_adv_util_percentage" value="16.67" description="" />
   <keyValuePair key="plle2_adv_available" value="6" description="" />
   <keyValuePair key="plle2_adv_fixed" value="0" description="" />
   <keyValuePair key="plle2_adv_used" value="0" description="" />
   <keyValuePair key="plle2_adv_util_percentage" value="0.00" description="" />
  </section>
  <section name="dsp" level="2" order="2" description="">
   <keyValuePair key="dsps_available" value="240" description="" />
   <keyValuePair key="dsps_fixed" value="0" description="" />
   <keyValuePair key="dsps_used" value="0" description="" />
   <keyValuePair key="dsps_util_percentage" value="0.00" description="" />
  </section>
  <section name="io_standard" level="2" order="3" description="">
   <keyValuePair key="blvds_25" value="0" description="" />
   <keyValuePair key="diff_hstl_i" value="0" description="" />
   <keyValuePair key="diff_hstl_i_18" value="0" description="" />
   <keyValuePair key="diff_hstl_ii" value="0" description="" />
   <keyValuePair key="diff_hstl_ii_18" value="0" description="" />
   <keyValuePair key="diff_hsul_12" value="0" description="" />
   <keyValuePair key="diff_mobile_ddr" value="0" description="" />
   <keyValuePair key="diff_sstl135" value="0" description="" />
   <keyValuePair key="diff_sstl135_r" value="0" description="" />
   <keyValuePair key="diff_sstl15" value="0" description="" />
   <keyValuePair key="diff_sstl15_r" value="0" description="" />
   <keyValuePair key="diff_sstl18_i" value="0" description="" />
   <keyValuePair key="diff_sstl18_ii" value="0" description="" />
   <keyValuePair key="hstl_i" value="0" description="" />
   <keyValuePair key="hstl_i_18" value="0" description="" />
   <keyValuePair key="hstl_ii" value="0" description="" />
   <keyValuePair key="hstl_ii_18" value="0" description="" />
   <keyValuePair key="hsul_12" value="0" description="" />
   <keyValuePair key="lvcmos12" value="0" description="" />
   <keyValuePair key="lvcmos15" value="0" description="" />
   <keyValuePair key="lvcmos18" value="0" description="" />
   <keyValuePair key="lvcmos25" value="0" description="" />
   <keyValuePair key="lvcmos33" value="1" description="" />
   <keyValuePair key="lvds_25" value="0" description="" />
   <keyValuePair key="lvttl" value="0" description="" />
   <keyValuePair key="mini_lvds_25" value="0" description="" />
   <keyValuePair key="mobile_ddr" value="0" description="" />
   <keyValuePair key="pci33_3" value="0" description="" />
   <keyValuePair key="ppds_25" value="0" description="" />
   <keyValuePair key="rsds_25" value="0" description="" />
   <keyValuePair key="sstl135" value="0" description="" />
   <keyValuePair key="sstl135_r" value="0" description="" />
   <keyValuePair key="sstl15" value="0" description="" />
   <keyValuePair key="sstl15_r" value="0" description="" />
   <keyValuePair key="sstl18_i" value="0" description="" />
   <keyValuePair key="sstl18_ii" value="0" description="" />
   <keyValuePair key="tmds_33" value="0" description="" />
  </section>
  <section name="memory" level="2" order="4" description="">
   <keyValuePair key="block_ram_tile_available" value="135" description="" />
   <keyValuePair key="block_ram_tile_fixed" value="0" description="" />
   <keyValuePair key="block_ram_tile_used" value="0" description="" />
   <keyValuePair key="block_ram_tile_util_percentage" value="0.00" description="" />
   <keyValuePair key="ramb18_available" value="270" description="" />
   <keyValuePair key="ramb18_fixed" value="0" description="" />
   <keyValuePair key="ramb18_used" value="0" description="" />
   <keyValuePair key="ramb18_util_percentage" value="0.00" description="" />
   <keyValuePair key="ramb36_fifo_available" value="135" description="" />
   <keyValuePair key="ramb36_fifo_fixed" value="0" description="" />
   <keyValuePair key="ramb36_fifo_used" value="0" description="" />
   <keyValuePair key="ramb36_fifo_util_percentage" value="0.00" description="" />
  </section>
  <section name="primitives" level="2" order="5" description="">
   <keyValuePair key="bufg_functional_category" value="Clock" description="" />
   <keyValuePair key="bufg_used" value="4" description="" />
   <keyValuePair key="carry4_functional_category" value="CarryLogic" description="" />
   <keyValuePair key="carry4_used" value="24" description="" />
   <keyValuePair key="fdce_functional_category" value="Flop &amp; Latch" description="" />
   <keyValuePair key="fdce_used" value="1085" description="" />
   <keyValuePair key="fdre_functional_category" value="Flop &amp; Latch" description="" />
   <keyValuePair key="fdre_used" value="352" description="" />
   <keyValuePair key="ibuf_functional_category" value="IO" description="" />
   <keyValuePair key="ibuf_used" value="2" description="" />
   <keyValuePair key="ldce_functional_category" value="Flop &amp; Latch" description="" />
   <keyValuePair key="ldce_used" value="32" description="" />
   <keyValuePair key="lut1_functional_category" value="LUT" description="" />
   <keyValuePair key="lut1_used" value="4" description="" />
   <keyValuePair key="lut2_functional_category" value="LUT" description="" />
   <keyValuePair key="lut2_used" value="31" description="" />
   <keyValuePair key="lut3_functional_category" value="LUT" description="" />
   <keyValuePair key="lut3_used" value="96" description="" />
   <keyValuePair key="lut4_functional_category" value="LUT" description="" />
   <keyValuePair key="lut4_used" value="150" description="" />
   <keyValuePair key="lut5_functional_category" value="LUT" description="" />
   <keyValuePair key="lut5_used" value="77" description="" />
   <keyValuePair key="lut6_functional_category" value="LUT" description="" />
   <keyValuePair key="lut6_used" value="806" description="" />
   <keyValuePair key="mmcme2_adv_functional_category" value="Clock" description="" />
   <keyValuePair key="mmcme2_adv_used" value="1" description="" />
   <keyValuePair key="muxf7_functional_category" value="MuxFx" description="" />
   <keyValuePair key="muxf7_used" value="544" description="" />
   <keyValuePair key="muxf8_functional_category" value="MuxFx" description="" />
   <keyValuePair key="muxf8_used" value="128" description="" />
   <keyValuePair key="obuf_functional_category" value="IO" description="" />
   <keyValuePair key="obuf_used" value="36" description="" />
   <keyValuePair key="rams64e_functional_category" value="Distributed Memory" description="" />
   <keyValuePair key="rams64e_used" value="512" description="" />
  </section>
  <section name="slice_logic" level="2" order="6" description="">
   <keyValuePair key="f7_muxes_available" value="31700" description="" />
   <keyValuePair key="f7_muxes_fixed" value="0" description="" />
   <keyValuePair key="f7_muxes_used" value="544" description="" />
   <keyValuePair key="f7_muxes_util_percentage" value="1.72" description="" />
   <keyValuePair key="f8_muxes_available" value="15850" description="" />
   <keyValuePair key="f8_muxes_fixed" value="0" description="" />
   <keyValuePair key="f8_muxes_used" value="128" description="" />
   <keyValuePair key="f8_muxes_util_percentage" value="0.81" description="" />
   <keyValuePair key="lut_as_distributed_ram_fixed" value="0" description="" />
   <keyValuePair key="lut_as_distributed_ram_fixed" value="0" description="" />
   <keyValuePair key="lut_as_distributed_ram_used" value="512" description="" />
   <keyValuePair key="lut_as_distributed_ram_used" value="512" description="" />
   <keyValuePair key="lut_as_logic_available" value="63400" description="" />
   <keyValuePair key="lut_as_logic_available" value="63400" description="" />
   <keyValuePair key="lut_as_logic_fixed" value="0" description="" />
   <keyValuePair key="lut_as_logic_fixed" value="0" description="" />
   <keyValuePair key="lut_as_logic_used" value="1086" description="" />
   <keyValuePair key="lut_as_logic_used" value="1086" description="" />
   <keyValuePair key="lut_as_logic_util_percentage" value="1.71" description="" />
   <keyValuePair key="lut_as_logic_util_percentage" value="1.71" description="" />
   <keyValuePair key="lut_as_memory_available" value="19000" description="" />
   <keyValuePair key="lut_as_memory_available" value="19000" description="" />
   <keyValuePair key="lut_as_memory_fixed" value="0" description="" />
   <keyValuePair key="lut_as_memory_fixed" value="0" description="" />
   <keyValuePair key="lut_as_memory_used" value="512" description="" />
   <keyValuePair key="lut_as_memory_used" value="512" description="" />
   <keyValuePair key="lut_as_memory_util_percentage" value="2.69" description="" />
   <keyValuePair key="lut_as_memory_util_percentage" value="2.69" description="" />
   <keyValuePair key="lut_as_shift_register_fixed" value="0" description="" />
   <keyValuePair key="lut_as_shift_register_fixed" value="0" description="" />
   <keyValuePair key="lut_as_shift_register_used" value="0" description="" />
   <keyValuePair key="lut_as_shift_register_used" value="0" description="" />
   <keyValuePair key="lut_in_front_of_the_register_is_unused_fixed" value="0" description="" />
   <keyValuePair key="lut_in_front_of_the_register_is_unused_used" value="831" description="" />
   <keyValuePair key="lut_in_front_of_the_register_is_used_fixed" value="831" description="" />
   <keyValuePair key="lut_in_front_of_the_register_is_used_used" value="375" description="" />
   <keyValuePair key="register_as_flip_flop_available" value="126800" description="" />
   <keyValuePair key="register_as_flip_flop_fixed" value="0" description="" />
   <keyValuePair key="register_as_flip_flop_used" value="1437" description="" />
   <keyValuePair key="register_as_flip_flop_util_percentage" value="1.13" description="" />
   <keyValuePair key="register_as_latch_available" value="126800" description="" />
   <keyValuePair key="register_as_latch_fixed" value="0" description="" />
   <keyValuePair key="register_as_latch_used" value="32" description="" />
   <keyValuePair key="register_as_latch_util_percentage" value="0.03" description="" />
   <keyValuePair key="register_driven_from_outside_the_slice_fixed" value="375" description="" />
   <keyValuePair key="register_driven_from_outside_the_slice_used" value="1206" description="" />
   <keyValuePair key="register_driven_from_within_the_slice_fixed" value="1206" description="" />
   <keyValuePair key="register_driven_from_within_the_slice_used" value="263" description="" />
   <keyValuePair key="slice_available" value="15850" description="" />
   <keyValuePair key="slice_fixed" value="0" description="" />
   <keyValuePair key="slice_luts_available" value="63400" description="" />
   <keyValuePair key="slice_luts_fixed" value="0" description="" />
   <keyValuePair key="slice_luts_used" value="1598" description="" />
   <keyValuePair key="slice_luts_util_percentage" value="2.52" description="" />
   <keyValuePair key="slice_registers_available" value="126800" description="" />
   <keyValuePair key="slice_registers_available" value="126800" description="" />
   <keyValuePair key="slice_registers_fixed" value="0" description="" />
   <keyValuePair key="slice_registers_fixed" value="0" description="" />
   <keyValuePair key="slice_registers_used" value="1469" description="" />
   <keyValuePair key="slice_registers_used" value="1469" description="" />
   <keyValuePair key="slice_registers_util_percentage" value="1.16" description="" />
   <keyValuePair key="slice_registers_util_percentage" value="1.16" description="" />
   <keyValuePair key="slice_used" value="807" description="" />
   <keyValuePair key="slice_util_percentage" value="5.09" description="" />
   <keyValuePair key="slicel_fixed" value="0" description="" />
   <keyValuePair key="slicel_used" value="605" description="" />
   <keyValuePair key="slicem_fixed" value="0" description="" />
   <keyValuePair key="slicem_used" value="202" description="" />
   <keyValuePair key="unique_control_sets_available" value="15850" description="" />
   <keyValuePair key="unique_control_sets_fixed" value="15850" description="" />
   <keyValuePair key="unique_control_sets_used" value="47" description="" />
   <keyValuePair key="unique_control_sets_util_percentage" value="0.30" description="" />
   <keyValuePair key="using_o5_and_o6_fixed" value="0.30" description="" />
   <keyValuePair key="using_o5_and_o6_used" value="0" description="" />
   <keyValuePair key="using_o5_output_only_fixed" value="0" description="" />
   <keyValuePair key="using_o5_output_only_used" value="0" description="" />
   <keyValuePair key="using_o6_output_only_fixed" value="0" description="" />
   <keyValuePair key="using_o6_output_only_used" value="512" description="" />
  </section>
  <section name="specific_feature" level="2" order="7" description="">
   <keyValuePair key="bscane2_available" value="4" description="" />
   <keyValuePair key="bscane2_fixed" value="0" description="" />
   <keyValuePair key="bscane2_used" value="0" description="" />
   <keyValuePair key="bscane2_util_percentage" value="0.00" description="" />
   <keyValuePair key="capturee2_available" value="1" description="" />
   <keyValuePair key="capturee2_fixed" value="0" description="" />
   <keyValuePair key="capturee2_used" value="0" description="" />
   <keyValuePair key="capturee2_util_percentage" value="0.00" description="" />
   <keyValuePair key="dna_port_available" value="1" description="" />
   <keyValuePair key="dna_port_fixed" value="0" description="" />
   <keyValuePair key="dna_port_used" value="0" description="" />
   <keyValuePair key="dna_port_util_percentage" value="0.00" description="" />
   <keyValuePair key="efuse_usr_available" value="1" description="" />
   <keyValuePair key="efuse_usr_fixed" value="0" description="" />
   <keyValuePair key="efuse_usr_used" value="0" description="" />
   <keyValuePair key="efuse_usr_util_percentage" value="0.00" description="" />
   <keyValuePair key="frame_ecce2_available" value="1" description="" />
   <keyValuePair key="frame_ecce2_fixed" value="0" description="" />
   <keyValuePair key="frame_ecce2_used" value="0" description="" />
   <keyValuePair key="frame_ecce2_util_percentage" value="0.00" description="" />
   <keyValuePair key="icape2_available" value="2" description="" />
   <keyValuePair key="icape2_fixed" value="0" description="" />
   <keyValuePair key="icape2_used" value="0" description="" />
   <keyValuePair key="icape2_util_percentage" value="0.00" description="" />
   <keyValuePair key="pcie_2_1_available" value="1" description="" />
   <keyValuePair key="pcie_2_1_fixed" value="0" description="" />
   <keyValuePair key="pcie_2_1_used" value="0" description="" />
   <keyValuePair key="pcie_2_1_util_percentage" value="0.00" description="" />
   <keyValuePair key="startupe2_available" value="1" description="" />
   <keyValuePair key="startupe2_fixed" value="0" description="" />
   <keyValuePair key="startupe2_used" value="0" description="" />
   <keyValuePair key="startupe2_util_percentage" value="0.00" description="" />
   <keyValuePair key="xadc_available" value="1" description="" />
   <keyValuePair key="xadc_fixed" value="0" description="" />
   <keyValuePair key="xadc_used" value="0" description="" />
   <keyValuePair key="xadc_util_percentage" value="0.00" description="" />
  </section>
 </section>
 <section name="synthesis" level="1" order="9" description="">
  <section name="command_line_options" level="2" order="1" description="">
   <keyValuePair key="-assert" value="default::[not_specified]" description="" />
   <keyValuePair key="-bufg" value="default::12" description="" />
   <keyValuePair key="-cascade_dsp" value="default::auto" description="" />
   <keyValuePair key="-constrset" value="default::[not_specified]" description="" />
   <keyValuePair key="-control_set_opt_threshold" value="default::auto" description="" />
   <keyValuePair key="-directive" value="default::default" description="" />
   <keyValuePair key="-fanout_limit" value="default::10000" description="" />
   <keyValuePair key="-flatten_hierarchy" value="default::rebuilt" description="" />
   <keyValuePair key="-fsm_extraction" value="default::auto" description="" />
   <keyValuePair key="-gated_clock_conversion" value="default::off" description="" />
   <keyValuePair key="-generic" value="default::[not_specified]" description="" />
   <keyValuePair key="-include_dirs" value="default::[not_specified]" description="" />
   <keyValuePair key="-keep_equivalent_registers" value="default::[not_specified]" description="" />
   <keyValuePair key="-max_bram" value="default::-1" description="" />
   <keyValuePair key="-max_bram_cascade_height" value="default::-1" description="" />
   <keyValuePair key="-max_dsp" value="default::-1" description="" />
   <keyValuePair key="-max_uram" value="default::-1" description="" />
   <keyValuePair key="-max_uram_cascade_height" value="default::-1" description="" />
   <keyValuePair key="-mode" value="default::default" description="" />
   <keyValuePair key="-name" value="default::[not_specified]" description="" />
   <keyValuePair key="-no_lc" value="default::[not_specified]" description="" />
   <keyValuePair key="-no_srlextract" value="default::[not_specified]" description="" />
   <keyValuePair key="-no_timing_driven" value="default::[not_specified]" description="" />
   <keyValuePair key="-part" value="xc7a100tcsg324-1" description="" />
   <keyValuePair key="-resource_sharing" value="default::auto" description="" />
   <keyValuePair key="-retiming" value="default::[not_specified]" description="" />
   <keyValuePair key="-rtl" value="default::[not_specified]" description="" />
   <keyValuePair key="-rtl_skip_constraints" value="default::[not_specified]" description="" />
   <keyValuePair key="-rtl_skip_ip" value="default::[not_specified]" description="" />
   <keyValuePair key="-seu_protect" value="default::none" description="" />
   <keyValuePair key="-sfcu" value="default::[not_specified]" description="" />
   <keyValuePair key="-shreg_min_size" value="default::3" description="" />
   <keyValuePair key="-top" value="top_pipeline" description="" />
   <keyValuePair key="-verilog_define" value="default::[not_specified]" description="" />
  </section>
  <section name="usage" level="2" order="2" description="">
   <keyValuePair key="elapsed" value="00:00:42s" description="" />
   <keyValuePair key="hls_ip" value="0" description="" />
   <keyValuePair key="memory_gain" value="727.867MB" description="" />
   <keyValuePair key="memory_peak" value="1068.043MB" description="" />
  </section>
 </section>
 <section name="unisim_transformation" level="1" order="10" description="">
  <section name="post_unisim_transformation" level="2" order="1" description="">
   <keyValuePair key="bufg" value="3" description="" />
   <keyValuePair key="carry4" value="24" description="" />
   <keyValuePair key="fdce" value="1089" description="" />
   <keyValuePair key="fdre" value="386" description="" />
   <keyValuePair key="gnd" value="11" description="" />
   <keyValuePair key="ibuf" value="2" description="" />
   <keyValuePair key="ldce" value="32" description="" />
   <keyValuePair key="lut1" value="4" description="" />
   <keyValuePair key="lut2" value="27" description="" />
   <keyValuePair key="lut3" value="94" description="" />
   <keyValuePair key="lut4" value="158" description="" />
   <keyValuePair key="lut5" value="48" description="" />
   <keyValuePair key="lut6" value="840" description="" />
   <keyValuePair key="mmcme2_adv" value="1" description="" />
   <keyValuePair key="muxf7" value="544" description="" />
   <keyValuePair key="muxf8" value="128" description="" />
   <keyValuePair key="obuf" value="36" description="" />
   <keyValuePair key="rams64e" value="512" description="" />
   <keyValuePair key="vcc" value="12" description="" />
  </section>
  <section name="pre_unisim_transformation" level="2" order="2" description="">
   <keyValuePair key="bufg" value="3" description="" />
   <keyValuePair key="carry4" value="24" description="" />
   <keyValuePair key="fdce" value="1089" description="" />
   <keyValuePair key="fdre" value="386" description="" />
   <keyValuePair key="gnd" value="11" description="" />
   <keyValuePair key="ibuf" value="3" description="" />
   <keyValuePair key="ldce" value="32" description="" />
   <keyValuePair key="lut1" value="4" description="" />
   <keyValuePair key="lut2" value="27" description="" />
   <keyValuePair key="lut3" value="94" description="" />
   <keyValuePair key="lut4" value="158" description="" />
   <keyValuePair key="lut5" value="48" description="" />
   <keyValuePair key="lut6" value="840" description="" />
   <keyValuePair key="mmcme2_adv" value="1" description="" />
   <keyValuePair key="muxf7" value="288" description="" />
   <keyValuePair key="obuf" value="36" description="" />
   <keyValuePair key="ram256x1s" value="128" description="" />
   <keyValuePair key="vcc" value="12" description="" />
  </section>
 </section>
 <section name="vivado_usage" level="1" order="11" description="">
  <section name="gui_handlers" level="2" order="1" description="">
   <keyValuePair key="abstractfileview_close" value="1" description="" />
   <keyValuePair key="addrepositoryinfodialog_ok" value="3" description="" />
   <keyValuePair key="addsrcwizard_specify_hdl_netlist_block_design" value="3" description="" />
   <keyValuePair key="addsrcwizard_specify_simulation_specific_hdl_files" value="3" description="" />
   <keyValuePair key="basedialog_apply" value="9" description="" />
   <keyValuePair key="basedialog_cancel" value="55" description="" />
   <keyValuePair key="basedialog_ok" value="248" description="" />
   <keyValuePair key="basedialog_yes" value="32" description="" />
   <keyValuePair key="cmdmsgdialog_ok" value="24" description="" />
   <keyValuePair key="copyrundialog_run_name" value="2" description="" />
   <keyValuePair key="coreandinterfacesbasetreetablepanel_remove_from_project" value="3" description="" />
   <keyValuePair key="coretreetablepanel_add_ip_to_repository" value="1" description="" />
   <keyValuePair key="coretreetablepanel_core_tree_table" value="34" description="" />
   <keyValuePair key="createconstraintsfilepanel_file_name" value="3" description="" />
   <keyValuePair key="createsrcfiledialog_file_name" value="13" description="" />
   <keyValuePair key="createsrcfiledialog_file_type" value="2" description="" />
   <keyValuePair key="customizecoredialog_ip_location" value="2" description="" />
   <keyValuePair key="customizecoredialog_switch_to_defaults" value="1" description="" />
   <keyValuePair key="expreporttreepanel_exp_report_tree_table" value="26" description="" />
   <keyValuePair key="expruntreepanel_exp_run_tree_table" value="15" description="" />
   <keyValuePair key="filesetpanel_file_set_panel_tree" value="665" description="" />
   <keyValuePair key="flownavigatortreepanel_flow_navigator_tree" value="130" description="" />
   <keyValuePair key="fpgachooser_family" value="7" description="" />
   <keyValuePair key="fpgachooser_fpga_table" value="8" description="" />
   <keyValuePair key="fpgachooser_package" value="8" description="" />
   <keyValuePair key="fpgachooser_speed" value="7" description="" />
   <keyValuePair key="gettingstartedview_open_project" value="1" description="" />
   <keyValuePair key="hardwaredashboardoptionspanel_layer_tree" value="4" description="" />
   <keyValuePair key="hardwaredashboardview_show_dashboard_options" value="1" description="" />
   <keyValuePair key="hardwaretreepanel_hardware_tree_table" value="36" description="" />
   <keyValuePair key="hcodeeditor_close" value="16" description="" />
   <keyValuePair key="hcodeeditor_search_text_combo_box" value="48" description="" />
   <keyValuePair key="hjfilechooserrecentlistpreview_recent_directories" value="26" description="" />
   <keyValuePair key="hpopuptitle_close" value="8" description="" />
   <keyValuePair key="labtoolsmenu_jtag_scan_rate" value="2" description="" />
   <keyValuePair key="launchpanel_generate_scripts_only" value="2" description="" />
   <keyValuePair key="launchpanel_launch_directory" value="1" description="" />
   <keyValuePair key="launchpanel_launch_runs_on_local_host" value="2" description="" />
   <keyValuePair key="logpanel_copy" value="1" description="" />
   <keyValuePair key="logpanel_pause_output" value="1" description="" />
   <keyValuePair key="logpanel_toggle_column_selection_mode" value="1" description="" />
   <keyValuePair key="mainmenumgr_checkpoint" value="2" description="" />
   <keyValuePair key="mainmenumgr_constraints" value="1" description="" />
   <keyValuePair key="mainmenumgr_design_hubs" value="1" description="" />
   <keyValuePair key="mainmenumgr_edit" value="6" description="" />
   <keyValuePair key="mainmenumgr_export" value="2" description="" />
   <keyValuePair key="mainmenumgr_file" value="14" description="" />
   <keyValuePair key="mainmenumgr_flow" value="2" description="" />
   <keyValuePair key="mainmenumgr_help" value="2" description="" />
   <keyValuePair key="mainmenumgr_import" value="2" description="" />
   <keyValuePair key="mainmenumgr_io" value="2" description="" />
   <keyValuePair key="mainmenumgr_ip" value="2" description="" />
   <keyValuePair key="mainmenumgr_project" value="9" description="" />
   <keyValuePair key="mainmenumgr_reports" value="16" description="" />
   <keyValuePair key="mainmenumgr_text_editor" value="2" description="" />
   <keyValuePair key="mainmenumgr_timing" value="2" description="" />
   <keyValuePair key="mainmenumgr_tools" value="9" description="" />
   <keyValuePair key="mainmenumgr_view" value="2" description="" />
   <keyValuePair key="mainmenumgr_window" value="44" description="" />
   <keyValuePair key="mainwinmenumgr_layout" value="8" description="" />
   <keyValuePair key="msgtreepanel_message_severity" value="2" description="" />
   <keyValuePair key="msgtreepanel_message_view_tree" value="5" description="" />
   <keyValuePair key="newhardwaredashboarddialog_name" value="2" description="" />
   <keyValuePair key="numjobschooser_number_of_jobs" value="1" description="" />
   <keyValuePair key="openfileaction_open_directory" value="1" description="" />
   <keyValuePair key="pacommandnames_add_sources" value="23" description="" />
   <keyValuePair key="pacommandnames_auto_connect_target" value="19" description="" />
   <keyValuePair key="pacommandnames_auto_update_hier" value="24" description="" />
   <keyValuePair key="pacommandnames_create_hardware_dashboards" value="3" description="" />
   <keyValuePair key="pacommandnames_goto_implemented_design" value="1" description="" />
   <keyValuePair key="pacommandnames_goto_netlist_design" value="21" description="" />
   <keyValuePair key="pacommandnames_new_hardware_dashboard" value="1" description="" />
   <keyValuePair key="pacommandnames_new_project" value="1" description="" />
   <keyValuePair key="pacommandnames_open_hardware_manager" value="16" description="" />
   <keyValuePair key="pacommandnames_ports_window" value="11" description="" />
   <keyValuePair key="pacommandnames_program_fpga" value="19" description="" />
   <keyValuePair key="pacommandnames_project_summary" value="1" description="" />
   <keyValuePair key="pacommandnames_recustomize_core" value="1" description="" />
   <keyValuePair key="pacommandnames_run_bitgen" value="2" description="" />
   <keyValuePair key="pacommandnames_run_trigger" value="4" description="" />
   <keyValuePair key="pacommandnames_show_all_ip_hier" value="1" description="" />
   <keyValuePair key="pacommandnames_simulation_live_break" value="14" description="" />
   <keyValuePair key="pacommandnames_simulation_live_restart" value="52" description="" />
   <keyValuePair key="pacommandnames_simulation_live_run" value="90" description="" />
   <keyValuePair key="pacommandnames_simulation_live_run_all" value="15" description="" />
   <keyValuePair key="pacommandnames_simulation_relaunch" value="39" description="" />
   <keyValuePair key="pacommandnames_simulation_run_behavioral" value="35" description="" />
   <keyValuePair key="pacommandnames_toggle_view_nav" value="3" description="" />
   <keyValuePair key="pacommandnames_write_config_memory_file" value="1" description="" />
   <keyValuePair key="paviews_code" value="53" description="" />
   <keyValuePair key="paviews_dashboard" value="2" description="" />
   <keyValuePair key="paviews_device" value="1" description="" />
   <keyValuePair key="paviews_ip_catalog" value="5" description="" />
   <keyValuePair key="paviews_par_report" value="1" description="" />
   <keyValuePair key="paviews_project_summary" value="36" description="" />
   <keyValuePair key="planaheadtab_show_flow_navigator" value="2" description="" />
   <keyValuePair key="programdebugtab_program_device" value="1" description="" />
   <keyValuePair key="programdebugtab_refresh_device" value="1" description="" />
   <keyValuePair key="programfpgadialog_program" value="18" description="" />
   <keyValuePair key="programfpgadialog_specify_bitstream_file" value="10" description="" />
   <keyValuePair key="project_automatic_update_and_compile_order" value="1" description="" />
   <keyValuePair key="projectnamechooser_choose_project_location" value="1" description="" />
   <keyValuePair key="projectnamechooser_project_name" value="1" description="" />
   <keyValuePair key="projectsettingssimulationpanel_tabbed_pane" value="1" description="" />
   <keyValuePair key="projecttab_close_design" value="1" description="" />
   <keyValuePair key="projecttab_reload" value="2" description="" />
   <keyValuePair key="quickhelp_help" value="2" description="" />
   <keyValuePair key="rdicommands_custom_commands" value="2" description="" />
   <keyValuePair key="rdicommands_delete" value="33" description="" />
   <keyValuePair key="rdiviews_waveform_viewer" value="453" description="" />
   <keyValuePair key="removesourcesdialog_also_delete" value="3" description="" />
   <keyValuePair key="rungadget_show_error" value="1" description="" />
   <keyValuePair key="settingsdialog_project_tree" value="10" description="" />
   <keyValuePair key="settingsdialog_restore" value="1" description="" />
   <keyValuePair key="settingsprojectgeneralpage_choose_device_for_your_project" value="7" description="" />
   <keyValuePair key="settingsprojectiprepositorypage_add_repository" value="3" description="" />
   <keyValuePair key="settingsprojectiprepositorypage_refresh_all" value="1" description="" />
   <keyValuePair key="signaltreepanel_signal_tree_table" value="198" description="" />
   <keyValuePair key="simpleoutputproductdialog_generate_output_products_immediately" value="45" description="" />
   <keyValuePair key="simpleoutputproductdialog_synthesize_all_ip_including_ip_contained" value="4" description="" />
   <keyValuePair key="simpleoutputproductdialog_synthesize_design_globally" value="4" description="" />
   <keyValuePair key="simulationobjectspanel_simulation_objects_tree_table" value="164" description="" />
   <keyValuePair key="simulationscopespanel_simulate_scope_table" value="200" description="" />
   <keyValuePair key="simulationscopesview_collapse_all" value="1" description="" />
   <keyValuePair key="srcchooserpanel_add_directories" value="16" description="" />
   <keyValuePair key="srcchooserpanel_add_hdl_and_netlist_files_to_your_project" value="4" description="" />
   <keyValuePair key="srcchooserpanel_add_or_create_source_file" value="2" description="" />
   <keyValuePair key="srcchooserpanel_create_file" value="14" description="" />
   <keyValuePair key="srcfileproppanels_enabled" value="2" description="" />
   <keyValuePair key="srcfileproppanels_more_info" value="3" description="" />
   <keyValuePair key="srcfileproppanels_type" value="1" description="" />
   <keyValuePair key="srcmenu_ip_documentation" value="6" description="" />
   <keyValuePair key="srcmenu_ip_hierarchy" value="23" description="" />
   <keyValuePair key="srcmenu_open_selected_source_files" value="1" description="" />
   <keyValuePair key="srcmenu_refresh_hierarchy" value="4" description="" />
   <keyValuePair key="statemonitor_reset_run" value="4" description="" />
   <keyValuePair key="statemonitor_reset_step" value="1" description="" />
   <keyValuePair key="syntheticagettingstartedview_recent_projects" value="10" description="" />
   <keyValuePair key="syntheticastatemonitor_cancel" value="8" description="" />
   <keyValuePair key="sysmonlegendpanel_selectable_list" value="1" description="" />
   <keyValuePair key="sysmonplotpanel_cancel" value="1" description="" />
   <keyValuePair key="sysmonview_add_selected_sensor" value="1" description="" />
   <keyValuePair key="taskbanner_close" value="52" description="" />
   <keyValuePair key="tclconsoleview_copy" value="1" description="" />
   <keyValuePair key="tclconsoleview_tcl_console_code_editor" value="3" description="" />
   <keyValuePair key="waveformnametree_waveform_name_tree" value="73" description="" />
   <keyValuePair key="xpg_coefilewidgdet_browse" value="27" description="" />
  </section>
  <section name="java_command_handlers" level="2" order="2" description="">
   <keyValuePair key="addsources" value="25" description="" />
   <keyValuePair key="autoconnecttarget" value="19" description="" />
   <keyValuePair key="closeproject" value="1" description="" />
   <keyValuePair key="coreview" value="6" description="" />
   <keyValuePair key="createhardwaredashboards" value="2" description="" />
   <keyValuePair key="customizecore" value="2" description="" />
   <keyValuePair key="editdelete" value="37" description="" />
   <keyValuePair key="launchprogramfpga" value="20" description="" />
   <keyValuePair key="newhardwaredashboard" value="5" description="" />
   <keyValuePair key="newproject" value="1" description="" />
   <keyValuePair key="openhardwaremanager" value="19" description="" />
   <keyValuePair key="openproject" value="1" description="" />
   <keyValuePair key="projectsummary" value="1" description="" />
   <keyValuePair key="recustomizecore" value="71" description="" />
   <keyValuePair key="refreshdevice" value="1" description="" />
   <keyValuePair key="runbitgen" value="25" description="" />
   <keyValuePair key="runimplementation" value="4" description="" />
   <keyValuePair key="runsynthesis" value="31" description="" />
   <keyValuePair key="savedesign" value="7" description="" />
   <keyValuePair key="savefileproxyhandler" value="2" description="" />
   <keyValuePair key="showview" value="14" description="" />
   <keyValuePair key="simulationbreak" value="14" description="" />
   <keyValuePair key="simulationrelaunch" value="36" description="" />
   <keyValuePair key="simulationrestart" value="52" description="" />
   <keyValuePair key="simulationrun" value="35" description="" />
   <keyValuePair key="simulationrunall" value="15" description="" />
   <keyValuePair key="simulationrunfortime" value="87" description="" />
   <keyValuePair key="tclfind" value="1" description="" />
   <keyValuePair key="toggleviewnavigator" value="3" description="" />
   <keyValuePair key="toolssettings" value="19" description="" />
   <keyValuePair key="viewtasksynthesis" value="21" description="" />
  </section>
  <section name="other_data" level="2" order="3" description="">
   <keyValuePair key="guimode" value="12" description="" />
  </section>
  <section name="project_data" level="2" order="4" description="">
   <keyValuePair key="constraintsetcount" value="1" description="" />
   <keyValuePair key="core_container" value="false" description="" />
   <keyValuePair key="currentimplrun" value="impl_5" description="" />
   <keyValuePair key="currentsynthesisrun" value="synth_4" description="" />
   <keyValuePair key="default_library" value="xil_defaultlib" description="" />
   <keyValuePair key="designmode" value="RTL" description="" />
   <keyValuePair key="export_simulation_activehdl" value="44" description="" />
   <keyValuePair key="export_simulation_ies" value="44" description="" />
   <keyValuePair key="export_simulation_modelsim" value="44" description="" />
   <keyValuePair key="export_simulation_questa" value="44" description="" />
   <keyValuePair key="export_simulation_riviera" value="44" description="" />
   <keyValuePair key="export_simulation_vcs" value="44" description="" />
   <keyValuePair key="export_simulation_xsim" value="44" description="" />
   <keyValuePair key="implstrategy" value="Vivado Implementation Defaults" description="" />
   <keyValuePair key="launch_simulation_activehdl" value="0" description="" />
   <keyValuePair key="launch_simulation_ies" value="0" description="" />
   <keyValuePair key="launch_simulation_modelsim" value="0" description="" />
   <keyValuePair key="launch_simulation_questa" value="0" description="" />
   <keyValuePair key="launch_simulation_riviera" value="0" description="" />
   <keyValuePair key="launch_simulation_vcs" value="0" description="" />
   <keyValuePair key="launch_simulation_xsim" value="106" description="" />
   <keyValuePair key="simulator_language" value="Mixed" description="" />
   <keyValuePair key="srcsetcount" value="22" description="" />
   <keyValuePair key="synthesisstrategy" value="Vivado Synthesis Defaults" description="" />
   <keyValuePair key="target_language" value="Verilog" description="" />
   <keyValuePair key="target_simulator" value="XSim" description="" />
   <keyValuePair key="totalimplruns" value="3" description="" />
   <keyValuePair key="totalsynthesisruns" value="3" description="" />
  </section>
 </section>
 <section name="xsim" level="1" order="12" description="">
  <section name="command_line_options" level="2" order="1" description="">
   <keyValuePair key="-sim_mode" value="default::behavioral" description="" />
   <keyValuePair key="-sim_type" value="default::" description="" />
  </section>
 </section>
</section>
</webTalkData>
