<?xml version="1.0"?>
<Runs Version="1" Minor="0">
	<Run Id="inst_rom_synth_1" LaunchDir="E:/Xilinx/pipelinecpu/pipelinecpu/pipelinecpu.runs/inst_rom_synth_1" FlowId="Vivado_Synthesis" FromStepId="vivado" ToStepId="vivado"/>
	<Run Id="clk_wiz_synth_1" LaunchDir="E:/Xilinx/pipelinecpu/pipelinecpu/pipelinecpu.runs/clk_wiz_synth_1" FlowId="Vivado_Synthesis" FromStepId="vivado" ToStepId="vivado"/>
	<Run Id="synth_4" LaunchDir="E:/Xilinx/pipelinecpu/pipelinecpu/pipelinecpu.runs/synth_4" FlowId="Vivado_Synthesis" FromStepId="vivado" ToStepId="vivado">
		<Parent Id="inst_rom_synth_1"/>
		<Parent Id="clk_wiz_synth_1"/>
	</Run>
	<Parameters>
		<Parameter Name="runs.monitorLSFJobs" Val="true" Type="bool"/>
		<Parameter Name="runs.enableClusterConf" Val="true" Type="bool"/>
	</Parameters>
</Runs>

